<?xml version="1.0" encoding="UTF-8"?>
<metadata xml:lang="en"><Esri><CreaDate>20201105</CreaDate><CreaTime>09141300</CreaTime><ArcGISFormat>1.0</ArcGISFormat><SyncOnce>FALSE</SyncOnce><DataProperties><itemProps><itemName Sync="TRUE">Utah_NBI</itemName><imsContentType Sync="TRUE">002</imsContentType><itemSize Sync="TRUE">0.000</itemSize><itemLocation><linkage Sync="TRUE">file://\\Sundown\SIG\1.0 Projects\Bridge MLC\12.0 GIS\2.0_GIS_Workspace\Vector\Utah_NBI.shp</linkage><protocol Sync="TRUE">Local Area Network</protocol></itemLocation></itemProps><coordRef><type Sync="TRUE">Geographic</type><geogcsn Sync="TRUE">GCS_WGS_1984</geogcsn><csUnits Sync="TRUE">Angular Unit: Degree (0.017453)</csUnits><peXml Sync="TRUE">&lt;GeographicCoordinateSystem xsi:type='typens:GeographicCoordinateSystem' xmlns:xsi='http://www.w3.org/2001/XMLSchema-instance' xmlns:xs='http://www.w3.org/2001/XMLSchema' xmlns:typens='http://www.esri.com/schemas/ArcGIS/2.6.0'&gt;&lt;WKT&gt;GEOGCS[&amp;quot;GCS_WGS_1984&amp;quot;,DATUM[&amp;quot;D_WGS_1984&amp;quot;,SPHEROID[&amp;quot;WGS_1984&amp;quot;,6378137.0,298.257223563]],PRIMEM[&amp;quot;Greenwich&amp;quot;,0.0],UNIT[&amp;quot;Degree&amp;quot;,0.0174532925199433],AUTHORITY[&amp;quot;EPSG&amp;quot;,4326]]&lt;/WKT&gt;&lt;XOrigin&gt;-400&lt;/XOrigin&gt;&lt;YOrigin&gt;-400&lt;/YOrigin&gt;&lt;XYScale&gt;11258999068426.238&lt;/XYScale&gt;&lt;ZOrigin&gt;-100000&lt;/ZOrigin&gt;&lt;ZScale&gt;10000&lt;/ZScale&gt;&lt;MOrigin&gt;-100000&lt;/MOrigin&gt;&lt;MScale&gt;10000&lt;/MScale&gt;&lt;XYTolerance&gt;8.983152841195215e-09&lt;/XYTolerance&gt;&lt;ZTolerance&gt;0.001&lt;/ZTolerance&gt;&lt;MTolerance&gt;0.001&lt;/MTolerance&gt;&lt;HighPrecision&gt;true&lt;/HighPrecision&gt;&lt;LeftLongitude&gt;-180&lt;/LeftLongitude&gt;&lt;WKID&gt;4326&lt;/WKID&gt;&lt;LatestWKID&gt;4326&lt;/LatestWKID&gt;&lt;/GeographicCoordinateSystem&gt;</peXml></coordRef><lineage><Process ToolSource="c:\users\cboyer\appdata\local\programs\arcgis\pro\Resources\ArcToolbox\toolboxes\Conversion Tools.tbx\FeatureClassToFeatureClass" Date="20201105" Time="091414">FeatureClassToFeatureClass National_Bridge_Inventory "L:\1.0 Projects\Bridge MLC\12.0 GIS\2.0_GIS_Workspace\Vector" Utah_NBI.shp # "OBJECTID "OBJECTID" true true false 6 Long 0 6,First,#,National_Bridge_Inventory,OBJECTID,-1,-1;STATUS "STATUS" true true false 2 Text 0 0,First,#,National_Bridge_Inventory,STATUS,0,2;DATE "DATE" true true false 4 Text 0 0,First,#,National_Bridge_Inventory,DATE,0,4;LONGDD "LONGDD" true true false 24 Double 15 23,First,#,National_Bridge_Inventory,LONGDD,-1,-1;LATDD "LATDD" true true false 24 Double 15 23,First,#,National_Bridge_Inventory,LATDD,-1,-1;STATE_CODE "STATE_CODE" true true false 2 Short 0 2,First,#,National_Bridge_Inventory,STATE_CODE,-1,-1;STRUCTURE_ "STRUCTURE_" true true false 15 Text 0 0,First,#,National_Bridge_Inventory,STRUCTURE_,0,15;RECORD_TYP "RECORD_TYP" true true false 1 Short 0 1,First,#,National_Bridge_Inventory,RECORD_TYP,-1,-1;ROUTE_PREF "ROUTE_PREF" true true false 1 Short 0 1,First,#,National_Bridge_Inventory,ROUTE_PREF,-1,-1;SERVICE_LE "SERVICE_LE" true true false 1 Short 0 1,First,#,National_Bridge_Inventory,SERVICE_LE,-1,-1;ROUTE_NUMB "ROUTE_NUMB" true true false 5 Text 0 0,First,#,National_Bridge_Inventory,ROUTE_NUMB,0,5;DIRECTION_ "DIRECTION_" true true false 1 Short 0 1,First,#,National_Bridge_Inventory,DIRECTION_,-1,-1;HIGHWAY_DI "HIGHWAY_DI" true true false 2 Text 0 0,First,#,National_Bridge_Inventory,HIGHWAY_DI,0,2;COUNTY_COD "COUNTY_COD" true true false 3 Short 0 3,First,#,National_Bridge_Inventory,COUNTY_COD,-1,-1;PLACE_CODE "PLACE_CODE" true true false 5 Long 0 5,First,#,National_Bridge_Inventory,PLACE_CODE,-1,-1;FEATURES_D "FEATURES_D" true true false 27 Text 0 0,First,#,National_Bridge_Inventory,FEATURES_D,0,27;CRITICAL_F "CRITICAL_F" true true false 1 Text 0 0,First,#,National_Bridge_Inventory,CRITICAL_F,0,1;FACILITY_C "FACILITY_C" true true false 21 Text 0 0,First,#,National_Bridge_Inventory,FACILITY_C,0,21;LOCATION_0 "LOCATION_0" true true false 28 Text 0 0,First,#,National_Bridge_Inventory,LOCATION_0,0,28;MIN_VERT_C "MIN_VERT_C" true true false 3 Short 0 3,First,#,National_Bridge_Inventory,MIN_VERT_C,-1,-1;KILOPOINT_ "KILOPOINT_" true true false 5 Long 0 5,First,#,National_Bridge_Inventory,KILOPOINT_,-1,-1;BASE_HWY_N "BASE_HWY_N" true true false 1 Short 0 1,First,#,National_Bridge_Inventory,BASE_HWY_N,-1,-1;LRS_INV_RO "LRS_INV_RO" true true false 10 Text 0 0,First,#,National_Bridge_Inventory,LRS_INV_RO,0,10;SUBROUTE_N "SUBROUTE_N" true true false 2 Short 0 2,First,#,National_Bridge_Inventory,SUBROUTE_N,-1,-1;LAT_016 "LAT_016" true true false 8 Long 0 8,First,#,National_Bridge_Inventory,LAT_016,-1,-1;LONG_017 "LONG_017" true true false 9 Long 0 9,First,#,National_Bridge_Inventory,LONG_017,-1,-1;DETOUR_KIL "DETOUR_KIL" true true false 3 Short 0 3,First,#,National_Bridge_Inventory,DETOUR_KIL,-1,-1;TOLL_020 "TOLL_020" true true false 1 Short 0 1,First,#,National_Bridge_Inventory,TOLL_020,-1,-1;MAINTENANC "MAINTENANC" true true false 2 Short 0 2,First,#,National_Bridge_Inventory,MAINTENANC,-1,-1;OWNER_022 "OWNER_022" true true false 2 Short 0 2,First,#,National_Bridge_Inventory,OWNER_022,-1,-1;FUNCTIONAL "FUNCTIONAL" true true false 2 Short 0 2,First,#,National_Bridge_Inventory,FUNCTIONAL,-1,-1;YEAR_BUILT "YEAR_BUILT" true true false 4 Short 0 4,First,#,National_Bridge_Inventory,YEAR_BUILT,-1,-1;TRAFFIC_LA "TRAFFIC_LA" true true false 2 Short 0 2,First,#,National_Bridge_Inventory,TRAFFIC_LA,-1,-1;TRAFFIC__1 "TRAFFIC__1" true true false 2 Short 0 2,First,#,National_Bridge_Inventory,TRAFFIC__1,-1,-1;ADT_029 "ADT_029" true true false 6 Long 0 6,First,#,National_Bridge_Inventory,ADT_029,-1,-1;YEAR_ADT_0 "YEAR_ADT_0" true true false 4 Short 0 4,First,#,National_Bridge_Inventory,YEAR_ADT_0,-1,-1;DESIGN_LOA "DESIGN_LOA" true true false 1 Text 0 0,First,#,National_Bridge_Inventory,DESIGN_LOA,0,1;APPR_WIDTH "APPR_WIDTH" true true false 4 Short 0 4,First,#,National_Bridge_Inventory,APPR_WIDTH,-1,-1;MEDIAN_COD "MEDIAN_COD" true true false 1 Short 0 1,First,#,National_Bridge_Inventory,MEDIAN_COD,-1,-1;DEGREES_SK "DEGREES_SK" true true false 2 Short 0 2,First,#,National_Bridge_Inventory,DEGREES_SK,-1,-1;STRUCTUR_1 "STRUCTUR_1" true true false 1 Short 0 1,First,#,National_Bridge_Inventory,STRUCTUR_1,-1,-1;RAILINGS_0 "RAILINGS_0" true true false 1 Text 0 0,First,#,National_Bridge_Inventory,RAILINGS_0,0,1;TRANSITION "TRANSITION" true true false 1 Text 0 0,First,#,National_Bridge_Inventory,TRANSITION,0,1;APPR_RAIL_ "APPR_RAIL_" true true false 1 Text 0 0,First,#,National_Bridge_Inventory,APPR_RAIL_,0,1;APPR_RAI_1 "APPR_RAI_1" true true false 1 Text 0 0,First,#,National_Bridge_Inventory,APPR_RAI_1,0,1;HISTORY_03 "HISTORY_03" true true false 1 Short 0 1,First,#,National_Bridge_Inventory,HISTORY_03,-1,-1;NAVIGATION "NAVIGATION" true true false 1 Text 0 0,First,#,National_Bridge_Inventory,NAVIGATION,0,1;NAV_VERT_C "NAV_VERT_C" true true false 4 Short 0 4,First,#,National_Bridge_Inventory,NAV_VERT_C,-1,-1;NAV_HORR_C "NAV_HORR_C" true true false 4 Short 0 4,First,#,National_Bridge_Inventory,NAV_HORR_C,-1,-1;OPEN_CLOSE "OPEN_CLOSE" true true false 1 Text 0 0,First,#,National_Bridge_Inventory,OPEN_CLOSE,0,1;SERVICE_ON "SERVICE_ON" true true false 1 Short 0 1,First,#,National_Bridge_Inventory,SERVICE_ON,-1,-1;SERVICE_UN "SERVICE_UN" true true false 1 Short 0 1,First,#,National_Bridge_Inventory,SERVICE_UN,-1,-1;STRUCTUR_2 "STRUCTUR_2" true true false 1 Short 0 1,First,#,National_Bridge_Inventory,STRUCTUR_2,-1,-1;STRUCTUR_3 "STRUCTUR_3" true true false 2 Short 0 2,First,#,National_Bridge_Inventory,STRUCTUR_3,-1,-1;APPR_KIND_ "APPR_KIND_" true true false 1 Short 0 1,First,#,National_Bridge_Inventory,APPR_KIND_,-1,-1;APPR_TYPE_ "APPR_TYPE_" true true false 2 Short 0 2,First,#,National_Bridge_Inventory,APPR_TYPE_,-1,-1;MAIN_UNIT_ "MAIN_UNIT_" true true false 3 Short 0 3,First,#,National_Bridge_Inventory,MAIN_UNIT_,-1,-1;APPR_SPANS "APPR_SPANS" true true false 4 Short 0 4,First,#,National_Bridge_Inventory,APPR_SPANS,-1,-1;HORR_CLR_M "HORR_CLR_M" true true false 3 Short 0 3,First,#,National_Bridge_Inventory,HORR_CLR_M,-1,-1;MAX_SPAN_L "MAX_SPAN_L" true true false 4 Short 0 4,First,#,National_Bridge_Inventory,MAX_SPAN_L,-1,-1;STRUCTUR_4 "STRUCTUR_4" true true false 5 Long 0 5,First,#,National_Bridge_Inventory,STRUCTUR_4,-1,-1;LEFT_CURB_ "LEFT_CURB_" true true false 3 Short 0 3,First,#,National_Bridge_Inventory,LEFT_CURB_,-1,-1;RIGHT_CURB "RIGHT_CURB" true true false 3 Short 0 3,First,#,National_Bridge_Inventory,RIGHT_CURB,-1,-1;ROADWAY_WI "ROADWAY_WI" true true false 4 Short 0 4,First,#,National_Bridge_Inventory,ROADWAY_WI,-1,-1;DECK_WIDTH "DECK_WIDTH" true true false 4 Short 0 4,First,#,National_Bridge_Inventory,DECK_WIDTH,-1,-1;VERT_CLR_O "VERT_CLR_O" true true false 3 Short 0 3,First,#,National_Bridge_Inventory,VERT_CLR_O,-1,-1;VERT_CLR_U "VERT_CLR_U" true true false 1 Text 0 0,First,#,National_Bridge_Inventory,VERT_CLR_U,0,1;VERT_CLR_1 "VERT_CLR_1" true true false 3 Short 0 3,First,#,National_Bridge_Inventory,VERT_CLR_1,-1,-1;LAT_UND_RE "LAT_UND_RE" true true false 1 Text 0 0,First,#,National_Bridge_Inventory,LAT_UND_RE,0,1;LAT_UND_MT "LAT_UND_MT" true true false 3 Short 0 3,First,#,National_Bridge_Inventory,LAT_UND_MT,-1,-1;LEFT_LAT_U "LEFT_LAT_U" true true false 3 Short 0 3,First,#,National_Bridge_Inventory,LEFT_LAT_U,-1,-1;DECK_COND_ "DECK_COND_" true true false 1 Text 0 0,First,#,National_Bridge_Inventory,DECK_COND_,0,1;SUPERSTRUC "SUPERSTRUC" true true false 1 Text 0 0,First,#,National_Bridge_Inventory,SUPERSTRUC,0,1;SUBSTRUCTU "SUBSTRUCTU" true true false 1 Text 0 0,First,#,National_Bridge_Inventory,SUBSTRUCTU,0,1;CHANNEL_CO "CHANNEL_CO" true true false 1 Text 0 0,First,#,National_Bridge_Inventory,CHANNEL_CO,0,1;CULVERT_CO "CULVERT_CO" true true false 1 Text 0 0,First,#,National_Bridge_Inventory,CULVERT_CO,0,1;OPR_RATING "OPR_RATING" true true false 1 Text 0 0,First,#,National_Bridge_Inventory,OPR_RATING,0,1;OPERATING_ "OPERATING_" true true false 3 Short 0 3,First,#,National_Bridge_Inventory,OPERATING_,-1,-1;INV_RATING "INV_RATING" true true false 1 Text 0 0,First,#,National_Bridge_Inventory,INV_RATING,0,1;INVENTORY_ "INVENTORY_" true true false 3 Short 0 3,First,#,National_Bridge_Inventory,INVENTORY_,-1,-1;STRUCTURAL "STRUCTURAL" true true false 1 Text 0 0,First,#,National_Bridge_Inventory,STRUCTURAL,0,1;DECK_GEOME "DECK_GEOME" true true false 1 Text 0 0,First,#,National_Bridge_Inventory,DECK_GEOME,0,1;UNDCLRENCE "UNDCLRENCE" true true false 1 Text 0 0,First,#,National_Bridge_Inventory,UNDCLRENCE,0,1;POSTING_EV "POSTING_EV" true true false 1 Short 0 1,First,#,National_Bridge_Inventory,POSTING_EV,-1,-1;WATERWAY_E "WATERWAY_E" true true false 1 Text 0 0,First,#,National_Bridge_Inventory,WATERWAY_E,0,1;APPR_ROAD_ "APPR_ROAD_" true true false 1 Short 0 1,First,#,National_Bridge_Inventory,APPR_ROAD_,-1,-1;WORK_PROPO "WORK_PROPO" true true false 2 Short 0 2,First,#,National_Bridge_Inventory,WORK_PROPO,-1,-1;WORK_DONE_ "WORK_DONE_" true true false 1 Short 0 1,First,#,National_Bridge_Inventory,WORK_DONE_,-1,-1;IMP_LEN_MT "IMP_LEN_MT" true true false 6 Long 0 6,First,#,National_Bridge_Inventory,IMP_LEN_MT,-1,-1;DATE_OF_IN "DATE_OF_IN" true true false 4 Short 0 4,First,#,National_Bridge_Inventory,DATE_OF_IN,-1,-1;INSPECT_FR "INSPECT_FR" true true false 2 Short 0 2,First,#,National_Bridge_Inventory,INSPECT_FR,-1,-1;FRACTURE_0 "FRACTURE_0" true true false 3 Text 0 0,First,#,National_Bridge_Inventory,FRACTURE_0,0,3;UNDWATER_L "UNDWATER_L" true true false 3 Text 0 0,First,#,National_Bridge_Inventory,UNDWATER_L,0,3;SPEC_INSPE "SPEC_INSPE" true true false 3 Text 0 0,First,#,National_Bridge_Inventory,SPEC_INSPE,0,3;FRACTURE_L "FRACTURE_L" true true false 4 Short 0 4,First,#,National_Bridge_Inventory,FRACTURE_L,-1,-1;UNDWATER_1 "UNDWATER_1" true true false 4 Short 0 4,First,#,National_Bridge_Inventory,UNDWATER_1,-1,-1;SPEC_LAST_ "SPEC_LAST_" true true false 4 Short 0 4,First,#,National_Bridge_Inventory,SPEC_LAST_,-1,-1;BRIDGE_IMP "BRIDGE_IMP" true true false 6 Long 0 6,First,#,National_Bridge_Inventory,BRIDGE_IMP,-1,-1;ROADWAY_IM "ROADWAY_IM" true true false 6 Long 0 6,First,#,National_Bridge_Inventory,ROADWAY_IM,-1,-1;TOTAL_IMP_ "TOTAL_IMP_" true true false 6 Long 0 6,First,#,National_Bridge_Inventory,TOTAL_IMP_,-1,-1;YEAR_OF_IM "YEAR_OF_IM" true true false 4 Short 0 4,First,#,National_Bridge_Inventory,YEAR_OF_IM,-1,-1;OTHER_STAT "OTHER_STAT" true true false 3 Text 0 0,First,#,National_Bridge_Inventory,OTHER_STAT,0,3;OTHER_ST_1 "OTHER_ST_1" true true false 2 Short 0 2,First,#,National_Bridge_Inventory,OTHER_ST_1,-1,-1;OTHR_STATE "OTHR_STATE" true true false 15 Text 0 0,First,#,National_Bridge_Inventory,OTHR_STATE,0,15;STRAHNET_H "STRAHNET_H" true true false 1 Short 0 1,First,#,National_Bridge_Inventory,STRAHNET_H,-1,-1;PARALLEL_S "PARALLEL_S" true true false 1 Text 0 0,First,#,National_Bridge_Inventory,PARALLEL_S,0,1;TRAFFIC_DI "TRAFFIC_DI" true true false 1 Short 0 1,First,#,National_Bridge_Inventory,TRAFFIC_DI,-1,-1;TEMP_STRUC "TEMP_STRUC" true true false 1 Text 0 0,First,#,National_Bridge_Inventory,TEMP_STRUC,0,1;HIGHWAY_SY "HIGHWAY_SY" true true false 1 Short 0 1,First,#,National_Bridge_Inventory,HIGHWAY_SY,-1,-1;FEDERAL_LA "FEDERAL_LA" true true false 1 Short 0 1,First,#,National_Bridge_Inventory,FEDERAL_LA,-1,-1;YEAR_RECON "YEAR_RECON" true true false 4 Short 0 4,First,#,National_Bridge_Inventory,YEAR_RECON,-1,-1;DECK_STRUC "DECK_STRUC" true true false 1 Text 0 0,First,#,National_Bridge_Inventory,DECK_STRUC,0,1;SURFACE_TY "SURFACE_TY" true true false 1 Text 0 0,First,#,National_Bridge_Inventory,SURFACE_TY,0,1;MEMBRANE_T "MEMBRANE_T" true true false 1 Text 0 0,First,#,National_Bridge_Inventory,MEMBRANE_T,0,1;DECK_PROTE "DECK_PROTE" true true false 1 Text 0 0,First,#,National_Bridge_Inventory,DECK_PROTE,0,1;PERCENT_AD "PERCENT_AD" true true false 2 Short 0 2,First,#,National_Bridge_Inventory,PERCENT_AD,-1,-1;NATIONAL_N "NATIONAL_N" true true false 1 Short 0 1,First,#,National_Bridge_Inventory,NATIONAL_N,-1,-1;PIER_PROTE "PIER_PROTE" true true false 1 Short 0 1,First,#,National_Bridge_Inventory,PIER_PROTE,-1,-1;BRIDGE_LEN "BRIDGE_LEN" true true false 1 Text 0 0,First,#,National_Bridge_Inventory,BRIDGE_LEN,0,1;SCOUR_CRIT "SCOUR_CRIT" true true false 1 Text 0 0,First,#,National_Bridge_Inventory,SCOUR_CRIT,0,1;FUTURE_ADT "FUTURE_ADT" true true false 6 Long 0 6,First,#,National_Bridge_Inventory,FUTURE_ADT,-1,-1;YEAR_OF_FU "YEAR_OF_FU" true true false 4 Short 0 4,First,#,National_Bridge_Inventory,YEAR_OF_FU,-1,-1;MIN_NAV_CL "MIN_NAV_CL" true true false 4 Short 0 4,First,#,National_Bridge_Inventory,MIN_NAV_CL,-1,-1;FED_AGENCY "FED_AGENCY" true true false 1 Text 0 0,First,#,National_Bridge_Inventory,FED_AGENCY,0,1;CAT10 "CAT10" true true false 1 Text 0 0,First,#,National_Bridge_Inventory,CAT10,0,1;CAT23 "CAT23" true true false 1 Text 0 0,First,#,National_Bridge_Inventory,CAT23,0,1;CAT29 "CAT29" true true false 6 Long 0 6,First,#,National_Bridge_Inventory,CAT29,-1,-1" #</Process></lineage><LayerFile>{"type":"CIMLayerDocument","version":"2.6.0","build":24783,"layers":["CIMPATH=map/utah_nbi.xml"],"layerDefinitions":[{"type":"CIMFeatureLayer","name":"Utah_NBI","uRI":"CIMPATH=map/utah_nbi.xml","sourceModifiedTime":{"type":"TimeInstant"},"useSourceMetadata":true,"description":"Utah_NBI","layerElevation":{"type":"CIMLayerElevationSurface","mapElevationID":"{F555E1A7-95DB-4795-BA4D-0FCC7E157D21}"},"expanded":true,"layerType":"Operational","showLegends":true,"visibility":true,"displayCacheType":"Permanent","maxDisplayCacheAge":5,"showPopups":true,"serviceLayerID":-1,"refreshRate":-1,"refreshRateUnit":"esriTimeUnitsSeconds","autoGenerateFeatureTemplates":true,"featureElevationExpression":"0","featureTable":{"type":"CIMFeatureTable","displayField":"OBJECTID","editable":true,"dataConnection":{"type":"CIMStandardDataConnection","workspaceConnectionString":"DATABASE=L:\\1.0 Projects\\Bridge MLC\\12.0 GIS\\2.0_GIS_Workspace\\Vector","workspaceFactory":"Shapefile","dataset":"Utah_NBI","datasetType":"esriDTFeatureClass"},"studyAreaSpatialRel":"esriSpatialRelUndefined","searchOrder":"esriSearchOrderSpatial"},"htmlPopupEnabled":true,"selectable":true,"featureCacheType":"Session","displayFiltersType":"ByScale","labelClasses":[{"type":"CIMLabelClass","expression":"$feature.OBJECTID","expressionEngine":"Arcade","featuresToLabel":"AllVisibleFeatures","maplexLabelPlacementProperties":{"type":"CIMMaplexLabelPlacementProperties","featureType":"Point","avoidPolygonHoles":true,"canOverrunFeature":true,"canPlaceLabelOutsidePolygon":true,"canRemoveOverlappingLabel":true,"canStackLabel":true,"connectionType":"Unambiguous","constrainOffset":"NoConstraint","contourAlignmentType":"Page","contourLadderType":"Straight","contourMaximumAngle":90,"enableConnection":true,"enablePointPlacementPriorities":true,"featureWeight":0,"fontHeightReductionLimit":4,"fontHeightReductionStep":0.5,"fontWidthReductionLimit":90,"fontWidthReductionStep":5,"graticuleAlignmentType":"Straight","keyNumberGroupName":"Default","labelBuffer":15,"labelLargestPolygon":true,"labelPriority":-1,"labelStackingProperties":{"type":"CIMMaplexLabelStackingProperties","stackAlignment":"ChooseBest","maximumNumberOfLines":3,"minimumNumberOfCharsPerLine":3,"maximumNumberOfCharsPerLine":24,"separators":[{"type":"CIMMaplexStackingSeparator","separator":" ","splitAfter":true},{"type":"CIMMaplexStackingSeparator","separator":",","visible":true,"splitAfter":true}]},"lineFeatureType":"General","linePlacementMethod":"OffsetCurvedFromLine","maximumLabelOverrun":36,"maximumLabelOverrunUnit":"Point","minimumFeatureSizeUnit":"Map","multiPartOption":"OneLabelPerPart","offsetAlongLineProperties":{"type":"CIMMaplexOffsetAlongLineProperties","placementMethod":"BestPositionAlongLine","labelAnchorPoint":"CenterOfLabel","distanceUnit":"Percentage","useLineDirection":true},"pointExternalZonePriorities":{"type":"CIMMaplexExternalZonePriorities","aboveLeft":4,"aboveCenter":2,"aboveRight":1,"centerRight":3,"belowRight":5,"belowCenter":7,"belowLeft":8,"centerLeft":6},"pointPlacementMethod":"AroundPoint","polygonAnchorPointType":"GeometricCenter","polygonBoundaryWeight":0,"polygonExternalZones":{"type":"CIMMaplexExternalZonePriorities","aboveLeft":4,"aboveCenter":2,"aboveRight":1,"centerRight":3,"belowRight":5,"belowCenter":7,"belowLeft":8,"centerLeft":6},"polygonFeatureType":"General","polygonInternalZones":{"type":"CIMMaplexInternalZonePriorities","center":1},"polygonPlacementMethod":"CurvedInPolygon","primaryOffset":1,"primaryOffsetUnit":"Point","removeExtraWhiteSpace":true,"repetitionIntervalUnit":"Point","rotationProperties":{"type":"CIMMaplexRotationProperties","rotationType":"Arithmetic","alignmentType":"Straight"},"secondaryOffset":100,"strategyPriorities":{"type":"CIMMaplexStrategyPriorities","stacking":1,"overrun":2,"fontCompression":3,"fontReduction":4,"abbreviation":5},"thinningDistanceUnit":"Point","truncationMarkerCharacter":".","truncationMinimumLength":1,"truncationPreferredCharacters":"aeiou","truncationExcludedCharacters":"0123456789"},"name":"Class 1","priority":-1,"standardLabelPlacementProperties":{"type":"CIMStandardLabelPlacementProperties","featureType":"Line","featureWeight":"Low","labelWeight":"High","numLabelsOption":"OneLabelPerName","lineLabelPosition":{"type":"CIMStandardLineLabelPosition","above":true,"inLine":true,"parallel":true},"lineLabelPriorities":{"type":"CIMStandardLineLabelPriorities","aboveStart":3,"aboveAlong":3,"aboveEnd":3,"centerStart":3,"centerAlong":3,"centerEnd":3,"belowStart":3,"belowAlong":3,"belowEnd":3},"pointPlacementMethod":"AroundPoint","pointPlacementPriorities":{"type":"CIMStandardPointPlacementPriorities","aboveLeft":2,"aboveCenter":2,"aboveRight":1,"centerLeft":3,"centerRight":2,"belowLeft":3,"belowCenter":3,"belowRight":2},"rotationType":"Arithmetic","polygonPlacementMethod":"AlwaysHorizontal"},"textSymbol":{"type":"CIMSymbolReference","symbol":{"type":"CIMTextSymbol","blockProgression":"TTB","depth3D":1,"extrapolateBaselines":true,"fontEffects":"Normal","fontEncoding":"Unicode","fontFamilyName":"Tahoma","fontStyleName":"Regular","fontType":"Unspecified","haloSize":1,"height":10,"hinting":"Default","horizontalAlignment":"Left","kerning":true,"letterWidth":100,"ligatures":true,"lineGapType":"ExtraLeading","symbol":{"type":"CIMPolygonSymbol","symbolLayers":[{"type":"CIMSolidFill","enable":true,"color":{"type":"CIMRGBColor","values":[0,0,0,100]}}]},"textCase":"Normal","textDirection":"LTR","verticalAlignment":"Bottom","verticalGlyphOrientation":"Right","wordSpacing":100,"billboardMode3D":"FaceNearPlane"}},"useCodedValue":true,"visibility":true,"iD":-1}],"renderer":{"type":"CIMSimpleRenderer","patch":"Default","symbol":{"type":"CIMSymbolReference","symbol":{"type":"CIMPointSymbol","symbolLayers":[{"type":"CIMVectorMarker","enable":true,"anchorPointUnits":"Relative","dominantSizeAxis3D":"Z","size":4,"billboardMode3D":"FaceNearPlane","frame":{"xmin":-2,"ymin":-2,"xmax":2,"ymax":2},"markerGraphics":[{"type":"CIMMarkerGraphic","geometry":{"curveRings":[[[1.2246467991473532e-16,2],{"a":[[1.2246467991473532e-16,2],[0,0],0,1]}]]},"symbol":{"type":"CIMPolygonSymbol","symbolLayers":[{"type":"CIMSolidStroke","enable":true,"capStyle":"Round","joinStyle":"Round","lineStyle3D":"Strip","miterLimit":10,"width":0.69999999999999996,"color":{"type":"CIMRGBColor","values":[0,0,0,100]}},{"type":"CIMSolidFill","enable":true,"color":{"type":"CIMRGBColor","values":[33.8699999999999974,145.349999999999994,31.98,100]}}]}}],"respectFrame":true}],"haloSize":1,"scaleX":1,"angleAlignment":"Display"}}},"scaleSymbols":true,"snappable":true}]}</LayerFile></DataProperties><SyncDate>20201105</SyncDate><SyncTime>09141300</SyncTime><ModDate>20201105</ModDate><ModTime>09141300</ModTime></Esri><dataIdInfo><envirDesc Sync="TRUE">Microsoft Windows 10 Version 10.0 (Build 19042) ; Esri ArcGIS 12.6.0.24783</envirDesc><dataLang><languageCode value="eng" Sync="TRUE"></languageCode><countryCode value="USA" Sync="TRUE"></countryCode></dataLang><idCitation><resTitle Sync="TRUE">Utah_NBI</resTitle><presForm><PresFormCd value="005" Sync="TRUE"></PresFormCd></presForm></idCitation><spatRpType><SpatRepTypCd value="001" Sync="TRUE"></SpatRepTypCd></spatRpType></dataIdInfo><mdLang><languageCode value="eng" Sync="TRUE"></languageCode><countryCode value="USA" Sync="TRUE"></countryCode></mdLang><mdChar><CharSetCd value="004" Sync="TRUE"></CharSetCd></mdChar><distInfo><distFormat><formatName Sync="TRUE">Shapefile</formatName></distFormat><distTranOps><transSize Sync="TRUE">0.000</transSize></distTranOps></distInfo><mdHrLv><ScopeCd value="005" Sync="TRUE"></ScopeCd></mdHrLv><mdHrLvName Sync="TRUE">dataset</mdHrLvName><refSysInfo><RefSystem><refSysID><identCode code="4326" Sync="TRUE"></identCode><idCodeSpace Sync="TRUE">EPSG</idCodeSpace><idVersion Sync="TRUE">6.14(3.0.1)</idVersion></refSysID></RefSystem></refSysInfo><spatRepInfo><VectSpatRep><geometObjs Name="Utah_NBI"><geoObjTyp><GeoObjTypCd value="004" Sync="TRUE"></GeoObjTypCd></geoObjTyp><geoObjCnt Sync="TRUE">0</geoObjCnt></geometObjs><topLvl><TopoLevCd value="001" Sync="TRUE"></TopoLevCd></topLvl></VectSpatRep></spatRepInfo><spdoinfo><ptvctinf><esriterm Name="Utah_NBI"><efeatyp Sync="TRUE">Simple</efeatyp><efeageom code="1" Sync="TRUE"></efeageom><esritopo Sync="TRUE">FALSE</esritopo><efeacnt Sync="TRUE">0</efeacnt><spindex Sync="TRUE">FALSE</spindex><linrefer Sync="TRUE">FALSE</linrefer></esriterm></ptvctinf></spdoinfo><eainfo><detailed Name="Utah_NBI"><enttyp><enttypl Sync="TRUE">Utah_NBI</enttypl><enttypt Sync="TRUE">Feature Class</enttypt><enttypc Sync="TRUE">0</enttypc></enttyp><attr><attrlabl Sync="TRUE">FID</attrlabl><attalias Sync="TRUE">FID</attalias><attrtype Sync="TRUE">OID</attrtype><attwidth Sync="TRUE">4</attwidth><atprecis Sync="TRUE">0</atprecis><attscale Sync="TRUE">0</attscale><attrdef Sync="TRUE">Internal feature number.</attrdef><attrdefs Sync="TRUE">Esri</attrdefs><attrdomv><udom Sync="TRUE">Sequential unique whole numbers that are automatically generated.</udom></attrdomv></attr><attr><attrlabl Sync="TRUE">Shape</attrlabl><attalias Sync="TRUE">Shape</attalias><attrtype Sync="TRUE">Geometry</attrtype><attwidth Sync="TRUE">0</attwidth><atprecis Sync="TRUE">0</atprecis><attscale Sync="TRUE">0</attscale><attrdef Sync="TRUE">Feature geometry.</attrdef><attrdefs Sync="TRUE">Esri</attrdefs><attrdomv><udom Sync="TRUE">Coordinates defining the features.</udom></attrdomv></attr><attr><attrlabl Sync="TRUE">OBJECTID</attrlabl><attalias Sync="TRUE">OBJECTID</attalias><attrtype Sync="TRUE">Integer</attrtype><attwidth Sync="TRUE">6</attwidth><atprecis Sync="TRUE">6</atprecis><attscale Sync="TRUE">0</attscale></attr><attr><attrlabl Sync="TRUE">STATUS</attrlabl><attalias Sync="TRUE">STATUS</attalias><attrtype Sync="TRUE">String</attrtype><attwidth Sync="TRUE">2</attwidth><atprecis Sync="TRUE">0</atprecis><attscale Sync="TRUE">0</attscale></attr><attr><attrlabl Sync="TRUE">DATE</attrlabl><attalias Sync="TRUE">DATE</attalias><attrtype Sync="TRUE">String</attrtype><attwidth Sync="TRUE">4</attwidth><atprecis Sync="TRUE">0</atprecis><attscale Sync="TRUE">0</attscale></attr><attr><attrlabl Sync="TRUE">LONGDD</attrlabl><attalias Sync="TRUE">LONGDD</attalias><attrtype Sync="TRUE">Double</attrtype><attwidth Sync="TRUE">19</attwidth><atprecis Sync="TRUE">18</atprecis><attscale Sync="TRUE">15</attscale></attr><attr><attrlabl Sync="TRUE">LATDD</attrlabl><attalias Sync="TRUE">LATDD</attalias><attrtype Sync="TRUE">Double</attrtype><attwidth Sync="TRUE">19</attwidth><atprecis Sync="TRUE">18</atprecis><attscale Sync="TRUE">15</attscale></attr><attr><attrlabl Sync="TRUE">STATE_CODE</attrlabl><attalias Sync="TRUE">STATE_CODE</attalias><attrtype Sync="TRUE">SmallInteger</attrtype><attwidth Sync="TRUE">2</attwidth><atprecis Sync="TRUE">2</atprecis><attscale Sync="TRUE">0</attscale></attr><attr><attrlabl Sync="TRUE">STRUCTURE_</attrlabl><attalias Sync="TRUE">STRUCTURE_</attalias><attrtype Sync="TRUE">String</attrtype><attwidth Sync="TRUE">15</attwidth><atprecis Sync="TRUE">0</atprecis><attscale Sync="TRUE">0</attscale></attr><attr><attrlabl Sync="TRUE">RECORD_TYP</attrlabl><attalias Sync="TRUE">RECORD_TYP</attalias><attrtype Sync="TRUE">SmallInteger</attrtype><attwidth Sync="TRUE">1</attwidth><atprecis Sync="TRUE">1</atprecis><attscale Sync="TRUE">0</attscale></attr><attr><attrlabl Sync="TRUE">ROUTE_PREF</attrlabl><attalias Sync="TRUE">ROUTE_PREF</attalias><attrtype Sync="TRUE">SmallInteger</attrtype><attwidth Sync="TRUE">1</attwidth><atprecis Sync="TRUE">1</atprecis><attscale Sync="TRUE">0</attscale></attr><attr><attrlabl Sync="TRUE">SERVICE_LE</attrlabl><attalias Sync="TRUE">SERVICE_LE</attalias><attrtype Sync="TRUE">SmallInteger</attrtype><attwidth Sync="TRUE">1</attwidth><atprecis Sync="TRUE">1</atprecis><attscale Sync="TRUE">0</attscale></attr><attr><attrlabl Sync="TRUE">ROUTE_NUMB</attrlabl><attalias Sync="TRUE">ROUTE_NUMB</attalias><attrtype Sync="TRUE">String</attrtype><attwidth Sync="TRUE">5</attwidth><atprecis Sync="TRUE">0</atprecis><attscale Sync="TRUE">0</attscale></attr><attr><attrlabl Sync="TRUE">DIRECTION_</attrlabl><attalias Sync="TRUE">DIRECTION_</attalias><attrtype Sync="TRUE">SmallInteger</attrtype><attwidth Sync="TRUE">1</attwidth><atprecis Sync="TRUE">1</atprecis><attscale Sync="TRUE">0</attscale></attr><attr><attrlabl Sync="TRUE">HIGHWAY_DI</attrlabl><attalias Sync="TRUE">HIGHWAY_DI</attalias><attrtype Sync="TRUE">String</attrtype><attwidth Sync="TRUE">2</attwidth><atprecis Sync="TRUE">0</atprecis><attscale Sync="TRUE">0</attscale></attr><attr><attrlabl Sync="TRUE">COUNTY_COD</attrlabl><attalias Sync="TRUE">COUNTY_COD</attalias><attrtype Sync="TRUE">SmallInteger</attrtype><attwidth Sync="TRUE">3</attwidth><atprecis Sync="TRUE">3</atprecis><attscale Sync="TRUE">0</attscale></attr><attr><attrlabl Sync="TRUE">PLACE_CODE</attrlabl><attalias Sync="TRUE">PLACE_CODE</attalias><attrtype Sync="TRUE">Integer</attrtype><attwidth Sync="TRUE">5</attwidth><atprecis Sync="TRUE">5</atprecis><attscale Sync="TRUE">0</attscale></attr><attr><attrlabl Sync="TRUE">FEATURES_D</attrlabl><attalias Sync="TRUE">FEATURES_D</attalias><attrtype Sync="TRUE">String</attrtype><attwidth Sync="TRUE">27</attwidth><atprecis Sync="TRUE">0</atprecis><attscale Sync="TRUE">0</attscale></attr><attr><attrlabl Sync="TRUE">CRITICAL_F</attrlabl><attalias Sync="TRUE">CRITICAL_F</attalias><attrtype Sync="TRUE">String</attrtype><attwidth Sync="TRUE">1</attwidth><atprecis Sync="TRUE">0</atprecis><attscale Sync="TRUE">0</attscale></attr><attr><attrlabl Sync="TRUE">FACILITY_C</attrlabl><attalias Sync="TRUE">FACILITY_C</attalias><attrtype Sync="TRUE">String</attrtype><attwidth Sync="TRUE">21</attwidth><atprecis Sync="TRUE">0</atprecis><attscale Sync="TRUE">0</attscale></attr><attr><attrlabl Sync="TRUE">LOCATION_0</attrlabl><attalias Sync="TRUE">LOCATION_0</attalias><attrtype Sync="TRUE">String</attrtype><attwidth Sync="TRUE">28</attwidth><atprecis Sync="TRUE">0</atprecis><attscale Sync="TRUE">0</attscale></attr><attr><attrlabl Sync="TRUE">MIN_VERT_C</attrlabl><attalias Sync="TRUE">MIN_VERT_C</attalias><attrtype Sync="TRUE">SmallInteger</attrtype><attwidth Sync="TRUE">3</attwidth><atprecis Sync="TRUE">3</atprecis><attscale Sync="TRUE">0</attscale></attr><attr><attrlabl Sync="TRUE">KILOPOINT_</attrlabl><attalias Sync="TRUE">KILOPOINT_</attalias><attrtype Sync="TRUE">Integer</attrtype><attwidth Sync="TRUE">5</attwidth><atprecis Sync="TRUE">5</atprecis><attscale Sync="TRUE">0</attscale></attr><attr><attrlabl Sync="TRUE">BASE_HWY_N</attrlabl><attalias Sync="TRUE">BASE_HWY_N</attalias><attrtype Sync="TRUE">SmallInteger</attrtype><attwidth Sync="TRUE">1</attwidth><atprecis Sync="TRUE">1</atprecis><attscale Sync="TRUE">0</attscale></attr><attr><attrlabl Sync="TRUE">LRS_INV_RO</attrlabl><attalias Sync="TRUE">LRS_INV_RO</attalias><attrtype Sync="TRUE">String</attrtype><attwidth Sync="TRUE">10</attwidth><atprecis Sync="TRUE">0</atprecis><attscale Sync="TRUE">0</attscale></attr><attr><attrlabl Sync="TRUE">SUBROUTE_N</attrlabl><attalias Sync="TRUE">SUBROUTE_N</attalias><attrtype Sync="TRUE">SmallInteger</attrtype><attwidth Sync="TRUE">2</attwidth><atprecis Sync="TRUE">2</atprecis><attscale Sync="TRUE">0</attscale></attr><attr><attrlabl Sync="TRUE">LAT_016</attrlabl><attalias Sync="TRUE">LAT_016</attalias><attrtype Sync="TRUE">Integer</attrtype><attwidth Sync="TRUE">8</attwidth><atprecis Sync="TRUE">8</atprecis><attscale Sync="TRUE">0</attscale></attr><attr><attrlabl Sync="TRUE">LONG_017</attrlabl><attalias Sync="TRUE">LONG_017</attalias><attrtype Sync="TRUE">Integer</attrtype><attwidth Sync="TRUE">9</attwidth><atprecis Sync="TRUE">9</atprecis><attscale Sync="TRUE">0</attscale></attr><attr><attrlabl Sync="TRUE">DETOUR_KIL</attrlabl><attalias Sync="TRUE">DETOUR_KIL</attalias><attrtype Sync="TRUE">SmallInteger</attrtype><attwidth Sync="TRUE">3</attwidth><atprecis Sync="TRUE">3</atprecis><attscale Sync="TRUE">0</attscale></attr><attr><attrlabl Sync="TRUE">TOLL_020</attrlabl><attalias Sync="TRUE">TOLL_020</attalias><attrtype Sync="TRUE">SmallInteger</attrtype><attwidth Sync="TRUE">1</attwidth><atprecis Sync="TRUE">1</atprecis><attscale Sync="TRUE">0</attscale></attr><attr><attrlabl Sync="TRUE">MAINTENANC</attrlabl><attalias Sync="TRUE">MAINTENANC</attalias><attrtype Sync="TRUE">SmallInteger</attrtype><attwidth Sync="TRUE">2</attwidth><atprecis Sync="TRUE">2</atprecis><attscale Sync="TRUE">0</attscale></attr><attr><attrlabl Sync="TRUE">OWNER_022</attrlabl><attalias Sync="TRUE">OWNER_022</attalias><attrtype Sync="TRUE">SmallInteger</attrtype><attwidth Sync="TRUE">2</attwidth><atprecis Sync="TRUE">2</atprecis><attscale Sync="TRUE">0</attscale></attr><attr><attrlabl Sync="TRUE">FUNCTIONAL</attrlabl><attalias Sync="TRUE">FUNCTIONAL</attalias><attrtype Sync="TRUE">SmallInteger</attrtype><attwidth Sync="TRUE">2</attwidth><atprecis Sync="TRUE">2</atprecis><attscale Sync="TRUE">0</attscale></attr><attr><attrlabl Sync="TRUE">YEAR_BUILT</attrlabl><attalias Sync="TRUE">YEAR_BUILT</attalias><attrtype Sync="TRUE">SmallInteger</attrtype><attwidth Sync="TRUE">4</attwidth><atprecis Sync="TRUE">4</atprecis><attscale Sync="TRUE">0</attscale></attr><attr><attrlabl Sync="TRUE">TRAFFIC_LA</attrlabl><attalias Sync="TRUE">TRAFFIC_LA</attalias><attrtype Sync="TRUE">SmallInteger</attrtype><attwidth Sync="TRUE">2</attwidth><atprecis Sync="TRUE">2</atprecis><attscale Sync="TRUE">0</attscale></attr><attr><attrlabl Sync="TRUE">TRAFFIC__1</attrlabl><attalias Sync="TRUE">TRAFFIC__1</attalias><attrtype Sync="TRUE">SmallInteger</attrtype><attwidth Sync="TRUE">2</attwidth><atprecis Sync="TRUE">2</atprecis><attscale Sync="TRUE">0</attscale></attr><attr><attrlabl Sync="TRUE">ADT_029</attrlabl><attalias Sync="TRUE">ADT_029</attalias><attrtype Sync="TRUE">Integer</attrtype><attwidth Sync="TRUE">6</attwidth><atprecis Sync="TRUE">6</atprecis><attscale Sync="TRUE">0</attscale></attr><attr><attrlabl Sync="TRUE">YEAR_ADT_0</attrlabl><attalias Sync="TRUE">YEAR_ADT_0</attalias><attrtype Sync="TRUE">SmallInteger</attrtype><attwidth Sync="TRUE">4</attwidth><atprecis Sync="TRUE">4</atprecis><attscale Sync="TRUE">0</attscale></attr><attr><attrlabl Sync="TRUE">DESIGN_LOA</attrlabl><attalias Sync="TRUE">DESIGN_LOA</attalias><attrtype Sync="TRUE">String</attrtype><attwidth Sync="TRUE">1</attwidth><atprecis Sync="TRUE">0</atprecis><attscale Sync="TRUE">0</attscale></attr><attr><attrlabl Sync="TRUE">APPR_WIDTH</attrlabl><attalias Sync="TRUE">APPR_WIDTH</attalias><attrtype Sync="TRUE">SmallInteger</attrtype><attwidth Sync="TRUE">4</attwidth><atprecis Sync="TRUE">4</atprecis><attscale Sync="TRUE">0</attscale></attr><attr><attrlabl Sync="TRUE">MEDIAN_COD</attrlabl><attalias Sync="TRUE">MEDIAN_COD</attalias><attrtype Sync="TRUE">SmallInteger</attrtype><attwidth Sync="TRUE">1</attwidth><atprecis Sync="TRUE">1</atprecis><attscale Sync="TRUE">0</attscale></attr><attr><attrlabl Sync="TRUE">DEGREES_SK</attrlabl><attalias Sync="TRUE">DEGREES_SK</attalias><attrtype Sync="TRUE">SmallInteger</attrtype><attwidth Sync="TRUE">2</attwidth><atprecis Sync="TRUE">2</atprecis><attscale Sync="TRUE">0</attscale></attr><attr><attrlabl Sync="TRUE">STRUCTUR_1</attrlabl><attalias Sync="TRUE">STRUCTUR_1</attalias><attrtype Sync="TRUE">SmallInteger</attrtype><attwidth Sync="TRUE">1</attwidth><atprecis Sync="TRUE">1</atprecis><attscale Sync="TRUE">0</attscale></attr><attr><attrlabl Sync="TRUE">RAILINGS_0</attrlabl><attalias Sync="TRUE">RAILINGS_0</attalias><attrtype Sync="TRUE">String</attrtype><attwidth Sync="TRUE">1</attwidth><atprecis Sync="TRUE">0</atprecis><attscale Sync="TRUE">0</attscale></attr><attr><attrlabl Sync="TRUE">TRANSITION</attrlabl><attalias Sync="TRUE">TRANSITION</attalias><attrtype Sync="TRUE">String</attrtype><attwidth Sync="TRUE">1</attwidth><atprecis Sync="TRUE">0</atprecis><attscale Sync="TRUE">0</attscale></attr><attr><attrlabl Sync="TRUE">APPR_RAIL_</attrlabl><attalias Sync="TRUE">APPR_RAIL_</attalias><attrtype Sync="TRUE">String</attrtype><attwidth Sync="TRUE">1</attwidth><atprecis Sync="TRUE">0</atprecis><attscale Sync="TRUE">0</attscale></attr><attr><attrlabl Sync="TRUE">APPR_RAI_1</attrlabl><attalias Sync="TRUE">APPR_RAI_1</attalias><attrtype Sync="TRUE">String</attrtype><attwidth Sync="TRUE">1</attwidth><atprecis Sync="TRUE">0</atprecis><attscale Sync="TRUE">0</attscale></attr><attr><attrlabl Sync="TRUE">HISTORY_03</attrlabl><attalias Sync="TRUE">HISTORY_03</attalias><attrtype Sync="TRUE">SmallInteger</attrtype><attwidth Sync="TRUE">1</attwidth><atprecis Sync="TRUE">1</atprecis><attscale Sync="TRUE">0</attscale></attr><attr><attrlabl Sync="TRUE">NAVIGATION</attrlabl><attalias Sync="TRUE">NAVIGATION</attalias><attrtype Sync="TRUE">String</attrtype><attwidth Sync="TRUE">1</attwidth><atprecis Sync="TRUE">0</atprecis><attscale Sync="TRUE">0</attscale></attr><attr><attrlabl Sync="TRUE">NAV_VERT_C</attrlabl><attalias Sync="TRUE">NAV_VERT_C</attalias><attrtype Sync="TRUE">SmallInteger</attrtype><attwidth Sync="TRUE">4</attwidth><atprecis Sync="TRUE">4</atprecis><attscale Sync="TRUE">0</attscale></attr><attr><attrlabl Sync="TRUE">NAV_HORR_C</attrlabl><attalias Sync="TRUE">NAV_HORR_C</attalias><attrtype Sync="TRUE">SmallInteger</attrtype><attwidth Sync="TRUE">4</attwidth><atprecis Sync="TRUE">4</atprecis><attscale Sync="TRUE">0</attscale></attr><attr><attrlabl Sync="TRUE">OPEN_CLOSE</attrlabl><attalias Sync="TRUE">OPEN_CLOSE</attalias><attrtype Sync="TRUE">String</attrtype><attwidth Sync="TRUE">1</attwidth><atprecis Sync="TRUE">0</atprecis><attscale Sync="TRUE">0</attscale></attr><attr><attrlabl Sync="TRUE">SERVICE_ON</attrlabl><attalias Sync="TRUE">SERVICE_ON</attalias><attrtype Sync="TRUE">SmallInteger</attrtype><attwidth Sync="TRUE">1</attwidth><atprecis Sync="TRUE">1</atprecis><attscale Sync="TRUE">0</attscale></attr><attr><attrlabl Sync="TRUE">SERVICE_UN</attrlabl><attalias Sync="TRUE">SERVICE_UN</attalias><attrtype Sync="TRUE">SmallInteger</attrtype><attwidth Sync="TRUE">1</attwidth><atprecis Sync="TRUE">1</atprecis><attscale Sync="TRUE">0</attscale></attr><attr><attrlabl Sync="TRUE">STRUCTUR_2</attrlabl><attalias Sync="TRUE">STRUCTUR_2</attalias><attrtype Sync="TRUE">SmallInteger</attrtype><attwidth Sync="TRUE">1</attwidth><atprecis Sync="TRUE">1</atprecis><attscale Sync="TRUE">0</attscale></attr><attr><attrlabl Sync="TRUE">STRUCTUR_3</attrlabl><attalias Sync="TRUE">STRUCTUR_3</attalias><attrtype Sync="TRUE">SmallInteger</attrtype><attwidth Sync="TRUE">2</attwidth><atprecis Sync="TRUE">2</atprecis><attscale Sync="TRUE">0</attscale></attr><attr><attrlabl Sync="TRUE">APPR_KIND_</attrlabl><attalias Sync="TRUE">APPR_KIND_</attalias><attrtype Sync="TRUE">SmallInteger</attrtype><attwidth Sync="TRUE">1</attwidth><atprecis Sync="TRUE">1</atprecis><attscale Sync="TRUE">0</attscale></attr><attr><attrlabl Sync="TRUE">APPR_TYPE_</attrlabl><attalias Sync="TRUE">APPR_TYPE_</attalias><attrtype Sync="TRUE">SmallInteger</attrtype><attwidth Sync="TRUE">2</attwidth><atprecis Sync="TRUE">2</atprecis><attscale Sync="TRUE">0</attscale></attr><attr><attrlabl Sync="TRUE">MAIN_UNIT_</attrlabl><attalias Sync="TRUE">MAIN_UNIT_</attalias><attrtype Sync="TRUE">SmallInteger</attrtype><attwidth Sync="TRUE">3</attwidth><atprecis Sync="TRUE">3</atprecis><attscale Sync="TRUE">0</attscale></attr><attr><attrlabl Sync="TRUE">APPR_SPANS</attrlabl><attalias Sync="TRUE">APPR_SPANS</attalias><attrtype Sync="TRUE">SmallInteger</attrtype><attwidth Sync="TRUE">4</attwidth><atprecis Sync="TRUE">4</atprecis><attscale Sync="TRUE">0</attscale></attr><attr><attrlabl Sync="TRUE">HORR_CLR_M</attrlabl><attalias Sync="TRUE">HORR_CLR_M</attalias><attrtype Sync="TRUE">SmallInteger</attrtype><attwidth Sync="TRUE">3</attwidth><atprecis Sync="TRUE">3</atprecis><attscale Sync="TRUE">0</attscale></attr><attr><attrlabl Sync="TRUE">MAX_SPAN_L</attrlabl><attalias Sync="TRUE">MAX_SPAN_L</attalias><attrtype Sync="TRUE">SmallInteger</attrtype><attwidth Sync="TRUE">4</attwidth><atprecis Sync="TRUE">4</atprecis><attscale Sync="TRUE">0</attscale></attr><attr><attrlabl Sync="TRUE">STRUCTUR_4</attrlabl><attalias Sync="TRUE">STRUCTUR_4</attalias><attrtype Sync="TRUE">Integer</attrtype><attwidth Sync="TRUE">5</attwidth><atprecis Sync="TRUE">5</atprecis><attscale Sync="TRUE">0</attscale></attr><attr><attrlabl Sync="TRUE">LEFT_CURB_</attrlabl><attalias Sync="TRUE">LEFT_CURB_</attalias><attrtype Sync="TRUE">SmallInteger</attrtype><attwidth Sync="TRUE">3</attwidth><atprecis Sync="TRUE">3</atprecis><attscale Sync="TRUE">0</attscale></attr><attr><attrlabl Sync="TRUE">RIGHT_CURB</attrlabl><attalias Sync="TRUE">RIGHT_CURB</attalias><attrtype Sync="TRUE">SmallInteger</attrtype><attwidth Sync="TRUE">3</attwidth><atprecis Sync="TRUE">3</atprecis><attscale Sync="TRUE">0</attscale></attr><attr><attrlabl Sync="TRUE">ROADWAY_WI</attrlabl><attalias Sync="TRUE">ROADWAY_WI</attalias><attrtype Sync="TRUE">SmallInteger</attrtype><attwidth Sync="TRUE">4</attwidth><atprecis Sync="TRUE">4</atprecis><attscale Sync="TRUE">0</attscale></attr><attr><attrlabl Sync="TRUE">DECK_WIDTH</attrlabl><attalias Sync="TRUE">DECK_WIDTH</attalias><attrtype Sync="TRUE">SmallInteger</attrtype><attwidth Sync="TRUE">4</attwidth><atprecis Sync="TRUE">4</atprecis><attscale Sync="TRUE">0</attscale></attr><attr><attrlabl Sync="TRUE">VERT_CLR_O</attrlabl><attalias Sync="TRUE">VERT_CLR_O</attalias><attrtype Sync="TRUE">SmallInteger</attrtype><attwidth Sync="TRUE">3</attwidth><atprecis Sync="TRUE">3</atprecis><attscale Sync="TRUE">0</attscale></attr><attr><attrlabl Sync="TRUE">VERT_CLR_U</attrlabl><attalias Sync="TRUE">VERT_CLR_U</attalias><attrtype Sync="TRUE">String</attrtype><attwidth Sync="TRUE">1</attwidth><atprecis Sync="TRUE">0</atprecis><attscale Sync="TRUE">0</attscale></attr><attr><attrlabl Sync="TRUE">VERT_CLR_1</attrlabl><attalias Sync="TRUE">VERT_CLR_1</attalias><attrtype Sync="TRUE">SmallInteger</attrtype><attwidth Sync="TRUE">3</attwidth><atprecis Sync="TRUE">3</atprecis><attscale Sync="TRUE">0</attscale></attr><attr><attrlabl Sync="TRUE">LAT_UND_RE</attrlabl><attalias Sync="TRUE">LAT_UND_RE</attalias><attrtype Sync="TRUE">String</attrtype><attwidth Sync="TRUE">1</attwidth><atprecis Sync="TRUE">0</atprecis><attscale Sync="TRUE">0</attscale></attr><attr><attrlabl Sync="TRUE">LAT_UND_MT</attrlabl><attalias Sync="TRUE">LAT_UND_MT</attalias><attrtype Sync="TRUE">SmallInteger</attrtype><attwidth Sync="TRUE">3</attwidth><atprecis Sync="TRUE">3</atprecis><attscale Sync="TRUE">0</attscale></attr><attr><attrlabl Sync="TRUE">LEFT_LAT_U</attrlabl><attalias Sync="TRUE">LEFT_LAT_U</attalias><attrtype Sync="TRUE">SmallInteger</attrtype><attwidth Sync="TRUE">3</attwidth><atprecis Sync="TRUE">3</atprecis><attscale Sync="TRUE">0</attscale></attr><attr><attrlabl Sync="TRUE">DECK_COND_</attrlabl><attalias Sync="TRUE">DECK_COND_</attalias><attrtype Sync="TRUE">String</attrtype><attwidth Sync="TRUE">1</attwidth><atprecis Sync="TRUE">0</atprecis><attscale Sync="TRUE">0</attscale></attr><attr><attrlabl Sync="TRUE">SUPERSTRUC</attrlabl><attalias Sync="TRUE">SUPERSTRUC</attalias><attrtype Sync="TRUE">String</attrtype><attwidth Sync="TRUE">1</attwidth><atprecis Sync="TRUE">0</atprecis><attscale Sync="TRUE">0</attscale></attr><attr><attrlabl Sync="TRUE">SUBSTRUCTU</attrlabl><attalias Sync="TRUE">SUBSTRUCTU</attalias><attrtype Sync="TRUE">String</attrtype><attwidth Sync="TRUE">1</attwidth><atprecis Sync="TRUE">0</atprecis><attscale Sync="TRUE">0</attscale></attr><attr><attrlabl Sync="TRUE">CHANNEL_CO</attrlabl><attalias Sync="TRUE">CHANNEL_CO</attalias><attrtype Sync="TRUE">String</attrtype><attwidth Sync="TRUE">1</attwidth><atprecis Sync="TRUE">0</atprecis><attscale Sync="TRUE">0</attscale></attr><attr><attrlabl Sync="TRUE">CULVERT_CO</attrlabl><attalias Sync="TRUE">CULVERT_CO</attalias><attrtype Sync="TRUE">String</attrtype><attwidth Sync="TRUE">1</attwidth><atprecis Sync="TRUE">0</atprecis><attscale Sync="TRUE">0</attscale></attr><attr><attrlabl Sync="TRUE">OPR_RATING</attrlabl><attalias Sync="TRUE">OPR_RATING</attalias><attrtype Sync="TRUE">String</attrtype><attwidth Sync="TRUE">1</attwidth><atprecis Sync="TRUE">0</atprecis><attscale Sync="TRUE">0</attscale></attr><attr><attrlabl Sync="TRUE">OPERATING_</attrlabl><attalias Sync="TRUE">OPERATING_</attalias><attrtype Sync="TRUE">SmallInteger</attrtype><attwidth Sync="TRUE">3</attwidth><atprecis Sync="TRUE">3</atprecis><attscale Sync="TRUE">0</attscale></attr><attr><attrlabl Sync="TRUE">INV_RATING</attrlabl><attalias Sync="TRUE">INV_RATING</attalias><attrtype Sync="TRUE">String</attrtype><attwidth Sync="TRUE">1</attwidth><atprecis Sync="TRUE">0</atprecis><attscale Sync="TRUE">0</attscale></attr><attr><attrlabl Sync="TRUE">INVENTORY_</attrlabl><attalias Sync="TRUE">INVENTORY_</attalias><attrtype Sync="TRUE">SmallInteger</attrtype><attwidth Sync="TRUE">3</attwidth><atprecis Sync="TRUE">3</atprecis><attscale Sync="TRUE">0</attscale></attr><attr><attrlabl Sync="TRUE">STRUCTURAL</attrlabl><attalias Sync="TRUE">STRUCTURAL</attalias><attrtype Sync="TRUE">String</attrtype><attwidth Sync="TRUE">1</attwidth><atprecis Sync="TRUE">0</atprecis><attscale Sync="TRUE">0</attscale></attr><attr><attrlabl Sync="TRUE">DECK_GEOME</attrlabl><attalias Sync="TRUE">DECK_GEOME</attalias><attrtype Sync="TRUE">String</attrtype><attwidth Sync="TRUE">1</attwidth><atprecis Sync="TRUE">0</atprecis><attscale Sync="TRUE">0</attscale></attr><attr><attrlabl Sync="TRUE">UNDCLRENCE</attrlabl><attalias Sync="TRUE">UNDCLRENCE</attalias><attrtype Sync="TRUE">String</attrtype><attwidth Sync="TRUE">1</attwidth><atprecis Sync="TRUE">0</atprecis><attscale Sync="TRUE">0</attscale></attr><attr><attrlabl Sync="TRUE">POSTING_EV</attrlabl><attalias Sync="TRUE">POSTING_EV</attalias><attrtype Sync="TRUE">SmallInteger</attrtype><attwidth Sync="TRUE">1</attwidth><atprecis Sync="TRUE">1</atprecis><attscale Sync="TRUE">0</attscale></attr><attr><attrlabl Sync="TRUE">WATERWAY_E</attrlabl><attalias Sync="TRUE">WATERWAY_E</attalias><attrtype Sync="TRUE">String</attrtype><attwidth Sync="TRUE">1</attwidth><atprecis Sync="TRUE">0</atprecis><attscale Sync="TRUE">0</attscale></attr><attr><attrlabl Sync="TRUE">APPR_ROAD_</attrlabl><attalias Sync="TRUE">APPR_ROAD_</attalias><attrtype Sync="TRUE">SmallInteger</attrtype><attwidth Sync="TRUE">1</attwidth><atprecis Sync="TRUE">1</atprecis><attscale Sync="TRUE">0</attscale></attr><attr><attrlabl Sync="TRUE">WORK_PROPO</attrlabl><attalias Sync="TRUE">WORK_PROPO</attalias><attrtype Sync="TRUE">SmallInteger</attrtype><attwidth Sync="TRUE">2</attwidth><atprecis Sync="TRUE">2</atprecis><attscale Sync="TRUE">0</attscale></attr><attr><attrlabl Sync="TRUE">WORK_DONE_</attrlabl><attalias Sync="TRUE">WORK_DONE_</attalias><attrtype Sync="TRUE">SmallInteger</attrtype><attwidth Sync="TRUE">1</attwidth><atprecis Sync="TRUE">1</atprecis><attscale Sync="TRUE">0</attscale></attr><attr><attrlabl Sync="TRUE">IMP_LEN_MT</attrlabl><attalias Sync="TRUE">IMP_LEN_MT</attalias><attrtype Sync="TRUE">Integer</attrtype><attwidth Sync="TRUE">6</attwidth><atprecis Sync="TRUE">6</atprecis><attscale Sync="TRUE">0</attscale></attr><attr><attrlabl Sync="TRUE">DATE_OF_IN</attrlabl><attalias Sync="TRUE">DATE_OF_IN</attalias><attrtype Sync="TRUE">SmallInteger</attrtype><attwidth Sync="TRUE">4</attwidth><atprecis Sync="TRUE">4</atprecis><attscale Sync="TRUE">0</attscale></attr><attr><attrlabl Sync="TRUE">INSPECT_FR</attrlabl><attalias Sync="TRUE">INSPECT_FR</attalias><attrtype Sync="TRUE">SmallInteger</attrtype><attwidth Sync="TRUE">2</attwidth><atprecis Sync="TRUE">2</atprecis><attscale Sync="TRUE">0</attscale></attr><attr><attrlabl Sync="TRUE">FRACTURE_0</attrlabl><attalias Sync="TRUE">FRACTURE_0</attalias><attrtype Sync="TRUE">String</attrtype><attwidth Sync="TRUE">3</attwidth><atprecis Sync="TRUE">0</atprecis><attscale Sync="TRUE">0</attscale></attr><attr><attrlabl Sync="TRUE">UNDWATER_L</attrlabl><attalias Sync="TRUE">UNDWATER_L</attalias><attrtype Sync="TRUE">String</attrtype><attwidth Sync="TRUE">3</attwidth><atprecis Sync="TRUE">0</atprecis><attscale Sync="TRUE">0</attscale></attr><attr><attrlabl Sync="TRUE">SPEC_INSPE</attrlabl><attalias Sync="TRUE">SPEC_INSPE</attalias><attrtype Sync="TRUE">String</attrtype><attwidth Sync="TRUE">3</attwidth><atprecis Sync="TRUE">0</atprecis><attscale Sync="TRUE">0</attscale></attr><attr><attrlabl Sync="TRUE">FRACTURE_L</attrlabl><attalias Sync="TRUE">FRACTURE_L</attalias><attrtype Sync="TRUE">SmallInteger</attrtype><attwidth Sync="TRUE">4</attwidth><atprecis Sync="TRUE">4</atprecis><attscale Sync="TRUE">0</attscale></attr><attr><attrlabl Sync="TRUE">UNDWATER_1</attrlabl><attalias Sync="TRUE">UNDWATER_1</attalias><attrtype Sync="TRUE">SmallInteger</attrtype><attwidth Sync="TRUE">4</attwidth><atprecis Sync="TRUE">4</atprecis><attscale Sync="TRUE">0</attscale></attr><attr><attrlabl Sync="TRUE">SPEC_LAST_</attrlabl><attalias Sync="TRUE">SPEC_LAST_</attalias><attrtype Sync="TRUE">SmallInteger</attrtype><attwidth Sync="TRUE">4</attwidth><atprecis Sync="TRUE">4</atprecis><attscale Sync="TRUE">0</attscale></attr><attr><attrlabl Sync="TRUE">BRIDGE_IMP</attrlabl><attalias Sync="TRUE">BRIDGE_IMP</attalias><attrtype Sync="TRUE">Integer</attrtype><attwidth Sync="TRUE">6</attwidth><atprecis Sync="TRUE">6</atprecis><attscale Sync="TRUE">0</attscale></attr><attr><attrlabl Sync="TRUE">ROADWAY_IM</attrlabl><attalias Sync="TRUE">ROADWAY_IM</attalias><attrtype Sync="TRUE">Integer</attrtype><attwidth Sync="TRUE">6</attwidth><atprecis Sync="TRUE">6</atprecis><attscale Sync="TRUE">0</attscale></attr><attr><attrlabl Sync="TRUE">TOTAL_IMP_</attrlabl><attalias Sync="TRUE">TOTAL_IMP_</attalias><attrtype Sync="TRUE">Integer</attrtype><attwidth Sync="TRUE">6</attwidth><atprecis Sync="TRUE">6</atprecis><attscale Sync="TRUE">0</attscale></attr><attr><attrlabl Sync="TRUE">YEAR_OF_IM</attrlabl><attalias Sync="TRUE">YEAR_OF_IM</attalias><attrtype Sync="TRUE">SmallInteger</attrtype><attwidth Sync="TRUE">4</attwidth><atprecis Sync="TRUE">4</atprecis><attscale Sync="TRUE">0</attscale></attr><attr><attrlabl Sync="TRUE">OTHER_STAT</attrlabl><attalias Sync="TRUE">OTHER_STAT</attalias><attrtype Sync="TRUE">String</attrtype><attwidth Sync="TRUE">3</attwidth><atprecis Sync="TRUE">0</atprecis><attscale Sync="TRUE">0</attscale></attr><attr><attrlabl Sync="TRUE">OTHER_ST_1</attrlabl><attalias Sync="TRUE">OTHER_ST_1</attalias><attrtype Sync="TRUE">SmallInteger</attrtype><attwidth Sync="TRUE">2</attwidth><atprecis Sync="TRUE">2</atprecis><attscale Sync="TRUE">0</attscale></attr><attr><attrlabl Sync="TRUE">OTHR_STATE</attrlabl><attalias Sync="TRUE">OTHR_STATE</attalias><attrtype Sync="TRUE">String</attrtype><attwidth Sync="TRUE">15</attwidth><atprecis Sync="TRUE">0</atprecis><attscale Sync="TRUE">0</attscale></attr><attr><attrlabl Sync="TRUE">STRAHNET_H</attrlabl><attalias Sync="TRUE">STRAHNET_H</attalias><attrtype Sync="TRUE">SmallInteger</attrtype><attwidth Sync="TRUE">1</attwidth><atprecis Sync="TRUE">1</atprecis><attscale Sync="TRUE">0</attscale></attr><attr><attrlabl Sync="TRUE">PARALLEL_S</attrlabl><attalias Sync="TRUE">PARALLEL_S</attalias><attrtype Sync="TRUE">String</attrtype><attwidth Sync="TRUE">1</attwidth><atprecis Sync="TRUE">0</atprecis><attscale Sync="TRUE">0</attscale></attr><attr><attrlabl Sync="TRUE">TRAFFIC_DI</attrlabl><attalias Sync="TRUE">TRAFFIC_DI</attalias><attrtype Sync="TRUE">SmallInteger</attrtype><attwidth Sync="TRUE">1</attwidth><atprecis Sync="TRUE">1</atprecis><attscale Sync="TRUE">0</attscale></attr><attr><attrlabl Sync="TRUE">TEMP_STRUC</attrlabl><attalias Sync="TRUE">TEMP_STRUC</attalias><attrtype Sync="TRUE">String</attrtype><attwidth Sync="TRUE">1</attwidth><atprecis Sync="TRUE">0</atprecis><attscale Sync="TRUE">0</attscale></attr><attr><attrlabl Sync="TRUE">HIGHWAY_SY</attrlabl><attalias Sync="TRUE">HIGHWAY_SY</attalias><attrtype Sync="TRUE">SmallInteger</attrtype><attwidth Sync="TRUE">1</attwidth><atprecis Sync="TRUE">1</atprecis><attscale Sync="TRUE">0</attscale></attr><attr><attrlabl Sync="TRUE">FEDERAL_LA</attrlabl><attalias Sync="TRUE">FEDERAL_LA</attalias><attrtype Sync="TRUE">SmallInteger</attrtype><attwidth Sync="TRUE">1</attwidth><atprecis Sync="TRUE">1</atprecis><attscale Sync="TRUE">0</attscale></attr><attr><attrlabl Sync="TRUE">YEAR_RECON</attrlabl><attalias Sync="TRUE">YEAR_RECON</attalias><attrtype Sync="TRUE">SmallInteger</attrtype><attwidth Sync="TRUE">4</attwidth><atprecis Sync="TRUE">4</atprecis><attscale Sync="TRUE">0</attscale></attr><attr><attrlabl Sync="TRUE">DECK_STRUC</attrlabl><attalias Sync="TRUE">DECK_STRUC</attalias><attrtype Sync="TRUE">String</attrtype><attwidth Sync="TRUE">1</attwidth><atprecis Sync="TRUE">0</atprecis><attscale Sync="TRUE">0</attscale></attr><attr><attrlabl Sync="TRUE">SURFACE_TY</attrlabl><attalias Sync="TRUE">SURFACE_TY</attalias><attrtype Sync="TRUE">String</attrtype><attwidth Sync="TRUE">1</attwidth><atprecis Sync="TRUE">0</atprecis><attscale Sync="TRUE">0</attscale></attr><attr><attrlabl Sync="TRUE">MEMBRANE_T</attrlabl><attalias Sync="TRUE">MEMBRANE_T</attalias><attrtype Sync="TRUE">String</attrtype><attwidth Sync="TRUE">1</attwidth><atprecis Sync="TRUE">0</atprecis><attscale Sync="TRUE">0</attscale></attr><attr><attrlabl Sync="TRUE">DECK_PROTE</attrlabl><attalias Sync="TRUE">DECK_PROTE</attalias><attrtype Sync="TRUE">String</attrtype><attwidth Sync="TRUE">1</attwidth><atprecis Sync="TRUE">0</atprecis><attscale Sync="TRUE">0</attscale></attr><attr><attrlabl Sync="TRUE">PERCENT_AD</attrlabl><attalias Sync="TRUE">PERCENT_AD</attalias><attrtype Sync="TRUE">SmallInteger</attrtype><attwidth Sync="TRUE">2</attwidth><atprecis Sync="TRUE">2</atprecis><attscale Sync="TRUE">0</attscale></attr><attr><attrlabl Sync="TRUE">NATIONAL_N</attrlabl><attalias Sync="TRUE">NATIONAL_N</attalias><attrtype Sync="TRUE">SmallInteger</attrtype><attwidth Sync="TRUE">1</attwidth><atprecis Sync="TRUE">1</atprecis><attscale Sync="TRUE">0</attscale></attr><attr><attrlabl Sync="TRUE">PIER_PROTE</attrlabl><attalias Sync="TRUE">PIER_PROTE</attalias><attrtype Sync="TRUE">SmallInteger</attrtype><attwidth Sync="TRUE">1</attwidth><atprecis Sync="TRUE">1</atprecis><attscale Sync="TRUE">0</attscale></attr><attr><attrlabl Sync="TRUE">BRIDGE_LEN</attrlabl><attalias Sync="TRUE">BRIDGE_LEN</attalias><attrtype Sync="TRUE">String</attrtype><attwidth Sync="TRUE">1</attwidth><atprecis Sync="TRUE">0</atprecis><attscale Sync="TRUE">0</attscale></attr><attr><attrlabl Sync="TRUE">SCOUR_CRIT</attrlabl><attalias Sync="TRUE">SCOUR_CRIT</attalias><attrtype Sync="TRUE">String</attrtype><attwidth Sync="TRUE">1</attwidth><atprecis Sync="TRUE">0</atprecis><attscale Sync="TRUE">0</attscale></attr><attr><attrlabl Sync="TRUE">FUTURE_ADT</attrlabl><attalias Sync="TRUE">FUTURE_ADT</attalias><attrtype Sync="TRUE">Integer</attrtype><attwidth Sync="TRUE">6</attwidth><atprecis Sync="TRUE">6</atprecis><attscale Sync="TRUE">0</attscale></attr><attr><attrlabl Sync="TRUE">YEAR_OF_FU</attrlabl><attalias Sync="TRUE">YEAR_OF_FU</attalias><attrtype Sync="TRUE">SmallInteger</attrtype><attwidth Sync="TRUE">4</attwidth><atprecis Sync="TRUE">4</atprecis><attscale Sync="TRUE">0</attscale></attr><attr><attrlabl Sync="TRUE">MIN_NAV_CL</attrlabl><attalias Sync="TRUE">MIN_NAV_CL</attalias><attrtype Sync="TRUE">SmallInteger</attrtype><attwidth Sync="TRUE">4</attwidth><atprecis Sync="TRUE">4</atprecis><attscale Sync="TRUE">0</attscale></attr><attr><attrlabl Sync="TRUE">FED_AGENCY</attrlabl><attalias Sync="TRUE">FED_AGENCY</attalias><attrtype Sync="TRUE">String</attrtype><attwidth Sync="TRUE">1</attwidth><atprecis Sync="TRUE">0</atprecis><attscale Sync="TRUE">0</attscale></attr><attr><attrlabl Sync="TRUE">CAT10</attrlabl><attalias Sync="TRUE">CAT10</attalias><attrtype Sync="TRUE">String</attrtype><attwidth Sync="TRUE">1</attwidth><atprecis Sync="TRUE">0</atprecis><attscale Sync="TRUE">0</attscale></attr><attr><attrlabl Sync="TRUE">CAT23</attrlabl><attalias Sync="TRUE">CAT23</attalias><attrtype Sync="TRUE">String</attrtype><attwidth Sync="TRUE">1</attwidth><atprecis Sync="TRUE">0</atprecis><attscale Sync="TRUE">0</attscale></attr><attr><attrlabl Sync="TRUE">CAT29</attrlabl><attalias Sync="TRUE">CAT29</attalias><attrtype Sync="TRUE">Integer</attrtype><attwidth Sync="TRUE">6</attwidth><atprecis Sync="TRUE">6</atprecis><attscale Sync="TRUE">0</attscale></attr></detailed></eainfo><mdDateSt Sync="TRUE">20201105</mdDateSt></metadata>
